effect,mfcc0,mfcc1,mfcc2,mfcc3,mfcc4,mfcc5,mfcc6,mfcc7,mfcc8,mfcc9,mfcc10,mfcc11,mfcc12
cymbale_expiree,12.9386,-1.31102,-0.538907,-0.378916,-0.471464,-0.22761,-0.486994,-0.462501,-0.505221,-0.158843,-0.0619917,-0.0929567,-0.029067
cymbale_expiree,13.5172,-1.05404,-0.746834,-0.4151,-0.451971,-0.24773,-0.48402,-0.480398,-0.525539,-0.193924,-0.0769739,-0.0627712,-0.0260519
cymbale_expiree,12.6682,-1.12811,-0.612262,-0.467454,-0.399801,-0.141812,-0.470429,-0.508617,-0.506058,-0.183248,-0.0478629,-0.049629,-0.0282161
cymbale_expiree,12.7852,-0.989419,-0.711028,-0.514865,-0.389289,-0.168611,-0.44798,-0.537689,-0.545465,-0.21632,-0.0607495,-0.0461502,-0.0265027
cymbale_expiree,12.7532,-1.30282,-0.624149,-0.468124,-0.329432,-0.243137,-0.528055,-0.416591,-0.465313,-0.164294,-0.0502134,-0.0533513,-0.0380917
cymbale_expiree,12.8232,-1.18588,-0.662661,-0.392298,-0.378802,-0.149814,-0.506265,-0.492928,-0.494054,-0.180359,-0.0626127,-0.0618592,0.00247052
cymbale_expiree,12.7878,-1.06818,-0.78999,-0.526014,-0.320945,-0.188007,-0.433792,-0.481192,-0.511019,-0.183535,-0.0325154,-0.0191021,-0.019151
cymbale_expiree,12.5727,-1.11838,-0.729944,-0.519333,-0.370879,-0.141627,-0.526222,-0.492935,-0.410396,-0.177133,-0.0562701,-0.0246205,-0.0525819
cymbale_expiree,12.4465,-1.00167,-0.691155,-0.506519,-0.340855,-0.197695,-0.499356,-0.518332,-0.501055,-0.208069,-0.0406268,-0.0399511,0.00645991
cymbale_expiree,12.4373,-1.17585,-0.638732,-0.45204,-0.369906,-0.16065,-0.452214,-0.451961,-0.483891,-0.177786,-0.0342004,-0.0569654,-0.0113078
cymbale_expiree,12.5442,-1.1873,-0.627496,-0.42524,-0.397042,-0.154022,-0.505608,-0.45165,-0.457387,-0.170684,-0.0502701,-0.0326458,-0.00821763
cymbale_expiree,12.7747,-1.10948,-0.593214,-0.432104,-0.405895,-0.207461,-0.51689,-0.49033,-0.469082,-0.190877,-0.0458647,-0.0621517,-0.0591745
cymbale_expiree,12.3007,-1.10837,-0.623482,-0.336421,-0.32538,-0.236077,-0.548891,-0.400794,-0.457425,-0.19254,-0.0304529,-0.0694313,-0.0571577
cymbale_expiree,12.2774,-1.10604,-0.688533,-0.375261,-0.36933,-0.113456,-0.467492,-0.499277,-0.461732,-0.186557,-0.0295778,-0.078824,-0.0244959
cymbale_expiree,12.5507,-1.19293,-0.595508,-0.426193,-0.435233,-0.184302,-0.50597,-0.441079,-0.440729,-0.148698,-0.0566117,-0.0873299,-0.0477162
cymbale_expiree,12.0671,-1.13525,-0.620208,-0.38923,-0.398738,-0.174021,-0.527791,-0.449253,-0.430426,-0.145072,-0.0462359,-0.0650377,-0.0271784
cymbale_expiree,12.1497,-1.035,-0.610572,-0.399581,-0.367407,-0.277076,-0.538135,-0.453859,-0.445948,-0.16079,-0.0389732,-0.0740096,-0.0382652
cymbale_expiree,12.9308,-1.12498,-0.712365,-0.497609,-0.355064,-0.227094,-0.51897,-0.468188,-0.492637,-0.177542,-0.052685,-0.0545588,-0.0145919
cymbale_expiree,12.0138,-0.936892,-0.704568,-0.472879,-0.255887,-0.265707,-0.484914,-0.478907,-0.456829,-0.15303,-0.0468247,-0.0521819,-0.0273231
cymbale_expiree,12.4151,-1.24395,-0.723465,-0.364161,-0.320276,-0.160687,-0.59782,-0.431458,-0.363229,-0.18237,-0.0450849,-0.0983374,-0.0171674
cymbale_expiree,12.5215,-0.95634,-0.750462,-0.417008,-0.29461,-0.234724,-0.57198,-0.47976,-0.45477,-0.156331,-0.0437313,-0.0507037,-0.0451511
cymbale_expiree,13.2199,-1.05404,-0.767006,-0.435542,-0.396904,-0.200694,-0.575408,-0.488254,-0.477115,-0.220894,-0.0522738,-0.05878,-0.0460028
cymbale_expiree,12.6522,-1.15021,-0.618586,-0.46297,-0.368252,-0.21622,-0.528074,-0.432515,-0.439026,-0.165972,-0.0631962,-0.0805574,-0.0562119
cymbale_expiree,12.1635,-0.911283,-0.668169,-0.552742,-0.368273,-0.285692,-0.440903,-0.49811,-0.461344,-0.148297,-0.0438818,-0.0418845,-0.0406569
cymbale_inspiree,11.1867,-1.58245,-0.431582,-0.188892,-0.543237,-0.442192,-0.509468,-0.235038,-0.327969,-0.148981,-0.0697612,-0.0405015,-0.0469674
cymbale_inspiree,11.4299,-1.60845,-0.455049,-0.125689,-0.499398,-0.411342,-0.467218,-0.219662,-0.272749,-0.142475,-0.0676786,-0.0607194,-0.0234112
cymbale_inspiree,11.4152,-1.69104,-0.515548,-0.154282,-0.452456,-0.373186,-0.473906,-0.289199,-0.233865,-0.163553,-0.0666344,-0.0495154,-0.0112226
cymbale_inspiree,11.6341,-1.75452,-0.573019,-0.0831904,-0.398454,-0.443931,-0.505531,-0.28489,-0.217235,-0.168095,-0.102972,-0.0740868,0.00658678
cymbale_inspiree,11.8633,-1.64727,-0.368473,-0.143697,-0.568164,-0.453277,-0.438022,-0.231362,-0.351285,-0.18958,-0.102646,-0.0335658,-0.00658832
cymbale_inspiree,11.7003,-1.67942,-0.515698,-0.0201533,-0.413856,-0.488404,-0.513773,-0.283379,-0.308233,-0.20923,-0.0734099,-0.058813,-0.0182313
cymbale_inspiree,11.5534,-1.70277,-0.457543,-0.035215,-0.496283,-0.459295,-0.479651,-0.222556,-0.325374,-0.179588,-0.105478,-0.0760735,0.0117806
cymbale_inspiree,11.737,-1.58296,-0.701913,-0.0642692,-0.403162,-0.451108,-0.512459,-0.307562,-0.297606,-0.150827,-0.11198,-0.0633677,0.00518276
cymbale_inspiree,12.0238,-1.8184,-0.484579,-0.0961305,-0.530149,-0.429108,-0.483665,-0.265886,-0.348797,-0.178543,-0.123125,-0.0647413,0.00676343
cymbale_inspiree,11.6079,-1.86572,-0.29539,-0.0997506,-0.508537,-0.433498,-0.49838,-0.210474,-0.340768,-0.163895,-0.0886008,-0.0608227,-0.0205289
cymbale_inspiree,11.5416,-1.87675,-0.328626,-0.0992659,-0.471169,-0.433219,-0.472552,-0.18417,-0.297789,-0.160181,-0.105478,-0.0503873,-0.0108223
cymbale_inspiree,11.3568,-1.77029,-0.400754,-0.0779718,-0.553036,-0.384983,-0.449079,-0.228995,-0.260869,-0.121945,-0.135902,-0.0721378,-0.00881784
cymbale_inspiree,11.7375,-1.63788,-0.600708,0.0167354,-0.459505,-0.420353,-0.465903,-0.292155,-0.377289,-0.175903,-0.0769525,-0.0366318,0.0053991
cymbale_inspiree,11.7834,-1.75279,-0.496364,-0.0142178,-0.486819,-0.410321,-0.4841,-0.274458,-0.307688,-0.177393,-0.117921,-0.0398871,0.00351296
cymbale_inspiree,11.855,-1.9339,-0.496836,-0.0807339,-0.49983,-0.419062,-0.460542,-0.178729,-0.294138,-0.170611,-0.0947765,-0.0507978,0.0183934
cymbale_inspiree,11.9885,-1.77984,-0.520751,-0.0299838,-0.505067,-0.401333,-0.508572,-0.280443,-0.317867,-0.147998,-0.143533,-0.0987452,0.00737775
cymbale_expiree,12.1733,-1.73072,-0.537684,-0.0893399,-0.597239,-0.413104,-0.496054,-0.327862,-0.355435,-0.158821,-0.0662602,-0.0714331,0.0184356
cymbale_expiree,11.5077,-1.71973,-0.457433,-0.0194724,-0.535473,-0.425412,-0.489466,-0.237695,-0.337642,-0.15206,-0.0871986,-0.0816594,-0.0103068
cymbale_expiree,11.243,-1.82715,-0.35681,-0.0587765,-0.483922,-0.376789,-0.44473,-0.246736,-0.294677,-0.0945924,-0.117769,-0.0762583,0.030328
cymbale_expiree,11.4125,-1.8458,-0.49706,-0.0368998,-0.510962,-0.358965,-0.494368,-0.239315,-0.264917,-0.0751808,-0.120294,-0.0711703,0.0489556
cymbale_inspiree,12.0762,-1.52772,-0.561418,-0.0399617,-0.498523,-0.490661,-0.485662,-0.303321,-0.326106,-0.202992,-0.114605,-0.0690982,0.0110641
cymbale_inspiree,11.6219,-1.74777,-0.370978,-0.0991196,-0.552543,-0.392379,-0.466459,-0.216819,-0.326642,-0.134314,-0.104265,-0.0699487,0.00548186
hihat_humming,11.5647,-1.83623,-0.327686,-0.441234,-0.370612,-0.383449,-0.296942,-0.22377,-0.183081,-0.147191,-0.0429958,-0.0350847,-0.046764
hihat_humming,9.66716,-2.06643,-0.243988,-0.451314,-0.270288,-0.20393,-0.108366,-0.140219,-0.152614,-0.0642412,-0.0261846,-0.00658282,-0.022641
hihat_humming,11.8141,-2.08234,-0.307558,-0.526286,-0.185252,-0.411198,-0.169097,-0.247747,-0.263246,-0.20916,-0.11002,0.0414681,-0.0337498
hihat_humming,10.6844,-2.21603,-0.342244,-0.530117,-0.268168,-0.284399,-0.151457,-0.210573,-0.196301,-0.13135,-0.0438556,0.00187436,-0.0369751
hihat_humming,10.767,-2.36502,-0.295715,-0.364752,-0.281604,-0.353863,-0.165639,-0.160634,-0.197075,-0.111984,-0.062594,0.0302614,-0.026006
hihat_humming,10.4091,-2.09599,-0.410544,-0.500374,-0.184409,-0.240254,-0.0672918,-0.209959,-0.219221,-0.119566,-0.0863757,-0.0016985,-0.0775054
hihat_humming,11.7499,-1.96806,-0.47265,-0.543364,-0.25111,-0.311677,-0.258926,-0.234795,-0.300224,-0.160709,-0.082236,-0.00383272,-0.0342276
hihat_humming,10.5976,-2.4757,-0.347437,-0.394053,-0.186138,-0.200292,-0.206406,-0.0974887,-0.22089,-0.13256,-0.0410899,0.024038,0.0113811
hihat_humming,8.75729,-1.88836,-0.126057,-0.430764,-0.230322,-0.250815,-0.0741933,-0.151492,-0.144798,-0.101988,-0.051606,0.0102833,-0.0127369
hihat_humming,9.36521,-1.90452,-0.251081,-0.44787,-0.206172,-0.297222,-0.141983,-0.152208,-0.135025,-0.14098,-0.0767777,0.00523712,-0.0334959
hihat_humming,9.00503,-1.88275,-0.264908,-0.329063,-0.0848893,-0.262365,-0.06863,-0.157671,-0.215525,-0.14046,-0.0670185,-0.0454117,-0.00737193
hihat_humming,9.51783,-1.44594,-0.350706,-0.278466,-0.0888138,-0.346111,-0.205923,-0.209213,-0.207436,-0.228348,-0.12275,-0.00579479,-0.0213394
hihat_humming,10.1528,-1.64307,-0.703132,-0.415198,-0.00624722,-0.236673,-0.167867,-0.194028,-0.197861,-0.210961,-0.0955969,0.0220004,-0.0646848
hihat_humming,9.85264,-1.49132,-0.376081,-0.433786,-0.126543,-0.258061,-0.214149,-0.197936,-0.229893,-0.242178,-0.0664637,-0.00559483,-0.0567067
hihat_humming,10.4716,-2.29485,-0.237243,-0.464418,-0.246236,-0.258664,-0.112372,-0.159809,-0.225615,-0.143889,-0.0867953,-0.0263434,-0.010931
hihat_humming,10.1067,-1.96864,-0.212823,-0.607642,-0.205686,-0.272469,-0.180369,-0.203774,-0.230878,-0.125414,-0.0512066,0.0121333,-0.0449827
hihat_humming,10.704,-1.66792,-0.23171,-0.562183,-0.278425,-0.393447,-0.193609,-0.289839,-0.189434,-0.147149,-0.0566741,0.0200262,-0.00201534
hihat_humming,10.391,-1.93021,-0.282721,-0.516131,-0.130532,-0.294876,-0.141515,-0.200866,-0.19791,-0.184917,-0.0867768,-0.0581596,-0.0911348
hihat_humming,10.3001,-2.0259,-0.282128,-0.488163,-0.108726,-0.279335,-0.12484,-0.28606,-0.207479,-0.0880159,-0.053738,0.000896039,-0.0502893
hihat_humming,9.68991,-2.01651,-0.359188,-0.442313,-0.194683,-0.293704,-0.15047,-0.271078,-0.0909609,-0.0288525,-0.0276642,0.0376876,0.00383778
hihat_humming,10.3831,-1.85083,-0.287367,-0.586714,-0.226853,-0.411172,-0.164691,-0.281725,-0.253012,-0.095514,-0.0404719,0.00328887,-0.0392675
hihat_humming,9.68285,-2.19491,-0.14545,-0.476807,-0.159308,-0.343025,-0.0675244,-0.171982,-0.208342,-0.081253,-0.0793769,0.0169533,-0.066278
hihat_humming,9.03416,-2.07839,-0.334056,-0.346933,-0.0909696,-0.235622,-0.0933237,-0.192101,-0.12426,-0.0750372,-0.0762562,0.0115772,-0.0278746
hihat_humming,9.93847,-1.9363,-0.549564,-0.481936,-0.1354,-0.26898,-0.268957,-0.0466425,-0.194975,-0.0867922,-0.0240534,-0.00497223,0.00144592
hihat_humming,9.91523,-2.12867,-0.151438,-0.523064,-0.139865,-0.384032,-0.134663,-0.186082,-0.154291,-0.0686278,-0.0748829,0.0235964,-0.0262107
hihat_humming,9.691,-2.11386,-0.151137,-0.484401,-0.179426,-0.380698,-0.173603,-0.189202,-0.0958551,-0.0684295,-0.0748116,0.00999966,-0.00643304
hihat_humming,9.61704,-1.69991,-0.261221,-0.495866,-0.289678,-0.374228,-0.144674,-0.194233,-0.161963,-0.0760119,-0.0417547,-0.00375939,-0.0433348
hihat_humming,10.4045,-2.29611,-0.267012,-0.44104,-0.172953,-0.3939,-0.105738,-0.108634,-0.171395,-0.126505,-0.0846865,-0.00136981,-0.03344
hihat_humming,10.1716,-1.78034,-0.287878,-0.570322,-0.206443,-0.357566,-0.176569,-0.23603,-0.17451,-0.122044,-0.0582423,0.029642,0.014635
hihat_humming,9.57247,-2.12689,-0.118718,-0.462085,-0.116381,-0.363294,-0.154877,-0.166118,-0.161402,-0.0870812,-0.0504668,-0.0251688,-0.0506417
hihat_humming,10.0401,-2.0636,-0.210426,-0.568018,-0.169159,-0.265265,-0.15985,-0.11851,-0.186007,-0.110144,-0.066538,0.0035748,-0.019404
hihat_humming,9.89444,-2.10061,-0.212075,-0.435522,-0.188212,-0.347447,-0.121891,-0.155031,-0.242493,-0.150087,-0.0597839,-0.00903879,-0.0133296
hihat_humming,9.97232,-1.76787,-0.301574,-0.534709,-0.270291,-0.140909,-0.0784906,-0.249308,-0.199909,-0.126063,-0.0593557,0.0288264,-0.0260563
hihat_humming,8.88693,-2.18544,-0.137161,-0.3018,-0.206006,-0.205896,-0.161113,-0.139629,-0.112505,-0.078585,-0.102888,0.00524146,-0.00965435
hihat_humming,8.31797,-2.05479,-0.286754,-0.369368,-0.120045,-0.162946,-0.143333,-0.137603,-0.097964,-0.0867822,-0.0469129,-0.0127478,-0.0455437
hihat_humming,9.63922,-1.71717,-0.32902,-0.310955,-0.21974,-0.257932,-0.193066,-0.196914,-0.258172,-0.147658,-0.0775998,0.0239757,-0.0399774
hihat_power ferme,12.7675,-1.5759,-0.50264,-0.346561,-0.242087,-0.29871,-0.629799,-0.381013,-0.279503,-0.123159,-0.117025,-0.150953,-0.082169
hihat_power ferme,12.3924,-1.74157,-0.565858,-0.385128,-0.294956,-0.399534,-0.476106,-0.332155,-0.289738,-0.190198,-0.088176,-0.081299,-0.0708887
hihat_power ferme,12.2103,-1.57729,-0.568962,-0.345842,-0.34427,-0.43139,-0.530656,-0.294348,-0.199938,-0.125023,-0.0306795,-0.0835514,-0.072856
hihat_power ferme,13.4858,-1.72671,-0.517232,-0.416201,-0.376788,-0.386813,-0.554606,-0.346524,-0.25641,-0.202682,-0.132089,-0.0438046,-0.0688494
hihat_power ferme,13.0187,-1.77683,-0.54305,-0.392981,-0.257241,-0.319697,-0.570548,-0.360481,-0.268566,-0.107365,-0.0556508,-0.120102,-0.0611893
hihat_power ferme,11.857,-1.61768,-0.350913,-0.35571,-0.287685,-0.340706,-0.527007,-0.327207,-0.226939,-0.139851,-0.0546764,-0.0864621,-0.0819068
hihat_humming,12.0291,-1.52793,-0.390187,-0.265154,-0.302775,-0.353707,-0.508587,-0.314778,-0.275753,-0.157051,-0.0350653,-0.114986,-0.120733
hihat_power ferme,11.0227,-1.822,-0.557563,-0.346598,-0.184413,-0.184685,-0.356433,-0.296371,-0.224868,-0.165437,-0.0259471,-0.0348178,-0.053467
hihat_power ferme,12.925,-1.53849,-0.49956,-0.317291,-0.323439,-0.39327,-0.610054,-0.334121,-0.200457,-0.143079,-0.0384433,-0.0866759,-0.099345
hihat_power ferme,12.9117,-1.63428,-0.408797,-0.298353,-0.236768,-0.358218,-0.703572,-0.410015,-0.251329,-0.19862,-0.15505,-0.166592,-0.109381
hihat_power ferme,11.1647,-1.65532,-0.494496,-0.456933,-0.236887,-0.11025,-0.366435,-0.396332,-0.344618,-0.141372,0.0361716,-0.0825803,-0.0641905
hihat_power ferme,11.8109,-1.8606,-0.428914,-0.236749,-0.194674,-0.244171,-0.457417,-0.376202,-0.248419,-0.185405,-0.109361,-0.123699,-0.121931
hihat_power ferme,11.3257,-1.62481,-0.341387,-0.291592,-0.277871,-0.419915,-0.498102,-0.354883,-0.271603,-0.160652,-0.0723365,-0.101687,-0.0767519
hihat_power ferme,12.3375,-1.75241,-0.503658,-0.410997,-0.0983164,-0.212235,-0.679143,-0.391267,-0.258779,-0.141772,-0.0791487,-0.159905,-0.0813722
hihat_power ferme,11.6037,-1.809,-0.439386,-0.283916,-0.116192,-0.323697,-0.579856,-0.389857,-0.218501,-0.0760507,-0.0628469,-0.0957874,-0.100511
hihat_power ferme,12.231,-2.00592,-0.451258,-0.345003,-0.194822,-0.326925,-0.550559,-0.285992,-0.230132,-0.176043,-0.0447371,-0.0501334,-0.128418
hihat_power ferme,11.6636,-1.61556,-0.300435,-0.373322,-0.273427,-0.353268,-0.607272,-0.369971,-0.204387,-0.140408,-0.121509,-0.0948523,-0.0762576
hihat_power ferme,11.0124,-1.69628,-0.391545,-0.380451,-0.146297,-0.30462,-0.487777,-0.35447,-0.136437,-0.103594,-0.0709809,-0.0522945,-0.138182
hihat_power ferme,11.7543,-1.65722,-0.29743,-0.322951,-0.20831,-0.331867,-0.659556,-0.441132,-0.297816,-0.144688,-0.064324,-0.0933255,-0.12034
hihat_power ferme,11.7614,-1.82371,-0.306892,-0.248215,-0.275083,-0.445015,-0.451479,-0.291538,-0.183694,-0.225553,-0.10297,-0.0122372,-0.0633191
hihat_power ferme,11.2375,-1.47668,-0.326465,-0.402929,-0.306055,-0.445493,-0.524622,-0.311106,-0.236499,-0.243339,-0.114753,-0.0921404,-0.109099
hihat_power ouvert,12.3191,-1.7901,-0.40254,-0.400299,-0.373779,-0.429956,-0.590243,-0.249473,-0.252714,-0.191979,-0.128258,-0.0632226,0.01119
hihat_power ouvert,12.2486,-1.92052,-0.499477,-0.282847,-0.358252,-0.471802,-0.538177,-0.201467,-0.226036,-0.224685,-0.110748,-0.060725,0.00208794
hihat_power ouvert,12.0043,-1.8341,-0.432097,-0.340599,-0.34547,-0.456694,-0.585007,-0.23074,-0.21433,-0.22455,-0.122369,-0.0624581,0.0266826
hihat_power ouvert,12.5942,-1.82873,-0.456187,-0.347363,-0.36429,-0.491195,-0.634055,-0.193751,-0.268448,-0.210093,-0.136358,-0.0730664,0.0452923
hihat_power ouvert,12.4898,-1.95425,-0.414792,-0.435291,-0.314227,-0.497301,-0.545192,-0.178255,-0.247459,-0.221783,-0.156379,-0.0733277,0.0577429
hihat_power ouvert,12.221,-1.86995,-0.475585,-0.376481,-0.343738,-0.484376,-0.576236,-0.137474,-0.286293,-0.210215,-0.118155,-0.0953767,0.0358602
hihat_power ouvert,12.3072,-1.91084,-0.470067,-0.425594,-0.35475,-0.444032,-0.605609,-0.128722,-0.263803,-0.20032,-0.0953166,-0.0963541,0.0344183
hihat_power ouvert,11.9734,-1.83525,-0.501939,-0.345877,-0.289056,-0.407668,-0.571304,-0.150917,-0.263099,-0.205257,-0.119657,-0.0911531,0.00322515
hihat_power ouvert,12.7984,-1.95219,-0.378314,-0.503187,-0.362645,-0.44945,-0.603621,-0.205546,-0.247219,-0.20374,-0.134365,-0.085724,0.0371841
hihat_power ouvert,12.5639,-1.89812,-0.421412,-0.429244,-0.315527,-0.403673,-0.620202,-0.188459,-0.27075,-0.19315,-0.116592,-0.108802,0.0143349
hihat_power ouvert,12.2353,-1.91224,-0.426836,-0.450342,-0.27294,-0.383428,-0.594262,-0.148642,-0.279105,-0.226733,-0.116039,-0.0831267,0.0166893
hihat_power ouvert,11.8921,-1.87709,-0.494963,-0.352414,-0.245245,-0.356455,-0.597534,-0.165351,-0.284278,-0.13637,-0.105247,-0.107813,0.0026272
hihat_power ouvert,12.8106,-1.94513,-0.419639,-0.514258,-0.290393,-0.468979,-0.625853,-0.199927,-0.234504,-0.204202,-0.139282,-0.100448,0.030831
hihat_power ouvert,12.4306,-1.89923,-0.449224,-0.47117,-0.255855,-0.41271,-0.638932,-0.208125,-0.249343,-0.177469,-0.104928,-0.10119,0.0303597
hihat_power ouvert,12.0612,-1.84953,-0.457682,-0.464128,-0.257037,-0.395646,-0.62986,-0.185905,-0.254182,-0.175708,-0.11092,-0.0952602,0.0254537
hihat_power ouvert,12.4926,-1.8396,-0.449543,-0.452544,-0.281989,-0.457059,-0.662768,-0.180808,-0.223701,-0.201408,-0.145682,-0.0857718,0.0559207
hihat_power ouvert,12.8693,-1.87377,-0.433353,-0.566125,-0.335462,-0.395178,-0.646401,-0.223529,-0.254265,-0.185127,-0.127903,-0.103948,0.0369557
hihat_power ouvert,12.617,-1.92795,-0.442329,-0.524955,-0.29862,-0.412574,-0.622957,-0.189682,-0.229006,-0.188043,-0.128994,-0.0913984,0.0395856
hihat_power ouvert,12.2184,-1.87272,-0.510546,-0.49035,-0.245551,-0.351555,-0.641044,-0.177711,-0.248087,-0.192069,-0.122282,-0.103637,0.0147371
hihat_power ouvert,12.1314,-1.86184,-0.403076,-0.44609,-0.322228,-0.406879,-0.604472,-0.190708,-0.256366,-0.175433,-0.109512,-0.0758783,0.0198248
hihat_power ouvert,12.9181,-1.90104,-0.464585,-0.517672,-0.335224,-0.424047,-0.617083,-0.248394,-0.274591,-0.178,-0.121594,-0.111701,0.0165835
hihat_power ouvert,12.6363,-1.80709,-0.443812,-0.532891,-0.296164,-0.409588,-0.635312,-0.231874,-0.275793,-0.19488,-0.14136,-0.115681,0.0177943
hihat_power ouvert,12.5151,-1.89975,-0.475304,-0.507529,-0.258353,-0.414486,-0.626802,-0.20881,-0.255027,-0.180778,-0.127776,-0.0865207,0.0281103
hihat_power ouvert,12.2558,-1.82861,-0.421343,-0.515821,-0.260182,-0.363974,-0.623137,-0.186397,-0.248546,-0.206846,-0.148309,-0.0813753,0.0118649
kick_humming,12.1591,-0.155742,-0.285788,-0.409741,-0.43458,-0.545167,-0.308018,-0.380507,-0.454246,-0.221041,-0.0955826,-0.0893782,-0.0263657
kick_humming,10.8278,-0.679156,-0.188813,-0.217984,-0.170762,-0.305348,-0.419039,-0.367432,-0.316342,-0.206485,-0.128312,-0.0398313,-0.112661
kick_humming,12.8622,-0.54526,-0.471835,-0.24277,-0.337951,-0.557785,-0.370119,-0.433362,-0.411088,-0.207366,-0.217848,-0.0805868,0.0205062
kick_humming,10.4433,-0.671364,-0.28488,-0.227307,-0.244001,-0.261509,-0.24188,-0.34535,-0.311112,-0.186999,-0.0713702,-0.138016,-0.0447057
kick_humming,10.5843,-0.701876,-0.241486,-0.403541,-0.25918,-0.246806,-0.201108,-0.248758,-0.287694,-0.216562,-0.183896,-0.0134131,0.0123783
kick_humming,13.1085,-0.430313,-0.469375,-0.371295,-0.372689,-0.645275,-0.345894,-0.410461,-0.448818,-0.246909,-0.0697235,-0.0789037,-0.0142076
kick_humming,12.9785,-0.0356491,-0.609732,-0.461992,-0.552719,-0.670887,-0.369268,-0.400153,-0.422376,-0.17553,-0.146289,-0.0532872,-0.0618054
kick_humming,11.128,-0.277964,-0.220136,-0.197445,-0.190321,-0.42797,-0.317847,-0.417613,-0.392253,-0.24425,-0.195285,-0.123415,-0.0622302
kick_humming,10.5275,-0.909954,-0.269794,-0.354486,-0.124138,-0.277727,-0.143105,-0.243078,-0.381129,-0.190252,-0.152963,-0.0627519,-0.0501813
kick_humming,13.3448,-0.0310793,-0.612549,-0.524559,-0.413403,-0.514478,-0.455815,-0.457705,-0.396904,-0.29218,-0.111814,-0.0897104,-0.0581551
kick_humming,12.6579,-0.0793563,-0.507143,-0.329474,-0.434181,-0.544317,-0.324161,-0.474542,-0.438959,-0.238337,-0.161707,-0.119016,-0.0562632
kick_humming,11.1979,-0.311469,-0.365507,-0.276719,-0.246018,-0.443267,-0.29112,-0.377512,-0.372399,-0.195982,-0.142219,-0.140007,-0.0434665
kick_humming,11.3456,-0.0438261,-0.36524,-0.335286,-0.235398,-0.467924,-0.34487,-0.412861,-0.463987,-0.259862,-0.136303,-0.154813,-0.0246222
kick_humming,11.9494,-0.121855,-0.418825,-0.382493,-0.282205,-0.560081,-0.328229,-0.394589,-0.449458,-0.21115,-0.184791,-0.0881194,-0.075855
kick_humming,12.7344,-0.233096,-0.620261,-0.249164,-0.360842,-0.507596,-0.322876,-0.509045,-0.421555,-0.240022,-0.102482,-0.144617,-0.0372678
kick_humming,11.2441,-0.638241,-0.486448,-0.261569,-0.258048,-0.393289,-0.300724,-0.310688,-0.40895,-0.146411,-0.14309,-0.123359,-0.0490276
kick_humming,13.4327,-0.222309,-0.440085,-0.44484,-0.395337,-0.510276,-0.409167,-0.463256,-0.462156,-0.280441,-0.186642,-0.0955091,-0.0494639
kick_humming,12.3496,-0.106598,-0.441864,-0.196695,-0.311651,-0.567659,-0.446384,-0.450163,-0.413951,-0.258384,-0.160372,-0.135951,-0.0458539
kick_humming,10.8208,-0.0447956,-0.28434,-0.246741,-0.245131,-0.375158,-0.325209,-0.496103,-0.350894,-0.239305,-0.193928,-0.134147,-0.0435953
kick_humming,11.4618,-0.248198,-0.242892,-0.314943,-0.260132,-0.463258,-0.365568,-0.403582,-0.38541,-0.228981,-0.162693,-0.04184,-0.0133314
kick_humming,10.4068,-0.343614,-0.146716,-0.205325,-0.142902,-0.343945,-0.346654,-0.385954,-0.335418,-0.2558,-0.146453,-0.0976011,-0.0304794
kick_humming,11.3262,0.0501278,-0.342116,-0.237131,-0.250846,-0.483121,-0.326926,-0.433132,-0.430106,-0.277934,-0.204064,-0.143392,-0.0378513
kick_humming,10.3379,-0.138434,-0.0970781,-0.187121,-0.324882,-0.40979,-0.245958,-0.369061,-0.38471,-0.217593,-0.230882,-0.117017,-0.0243375
kick_humming,11.9228,0.0286396,-0.469378,-0.394787,-0.204952,-0.552554,-0.349192,-0.393633,-0.430909,-0.236149,-0.175365,-0.0973117,-0.00398379
kick_humming,9.87428,-0.76737,-0.163465,-0.170404,-0.248655,-0.400394,-0.281155,-0.281178,-0.336159,-0.189483,-0.101036,-0.0924897,0.0107828
kick_humming,10.7402,-0.296215,-0.159161,-0.247202,-0.227126,-0.55172,-0.397346,-0.226314,-0.304638,-0.172551,-0.140519,-0.090306,-0.0314219
kick_humming,11.4513,-0.475076,-0.514025,-0.429674,-0.326631,-0.455987,-0.261731,-0.338509,-0.351199,-0.149463,-0.0965225,-0.0581269,0.00421377
kick_humming,12.3196,-0.124205,-0.288668,-0.391063,-0.330557,-0.601428,-0.372891,-0.440078,-0.453081,-0.172224,-0.181915,-0.102402,-0.0575549
kick_humming,11.2797,-0.220265,-0.0755476,-0.280506,-0.234213,-0.446364,-0.393814,-0.336469,-0.46431,-0.338338,-0.238905,-0.113825,-0.164098
kick_humming,10.9496,-0.301841,-0.0769017,-0.333958,-0.37701,-0.633803,-0.332943,-0.35413,-0.3226,-0.185411,-0.083176,-0.0806484,0.00678231
kick_humming,11.8016,-0.204689,-0.307793,-0.371932,-0.416689,-0.439174,-0.324681,-0.425036,-0.451824,-0.189227,-0.122388,-0.0420267,-0.00330734
kick_humming,12.2165,-0.347514,-0.322841,-0.38723,-0.478458,-0.5266,-0.361306,-0.427041,-0.342051,-0.0981318,-0.0991521,-0.101624,-0.0706028
kick_humming,12.6834,-0.491541,-0.343775,-0.309592,-0.528013,-0.553387,-0.231611,-0.412201,-0.43886,-0.172807,-0.104461,-0.106517,-0.046021
kick_humming,11.4442,0.0647772,-0.262334,-0.427482,-0.477544,-0.501498,-0.214265,-0.465818,-0.417292,-0.210323,-0.0793305,-0.0974856,-0.0579963
kick_humming,11.3646,-0.234927,-0.0383193,-0.198572,-0.330297,-0.69537,-0.523291,-0.377175,-0.295471,-0.135586,-0.21943,-0.0371487,-0.0522459
kick_humming,11.4641,-0.425631,-0.242859,-0.290503,-0.325982,-0.537547,-0.330014,-0.301557,-0.410217,-0.232541,-0.132434,-0.0937225,-0.0683641
kick_humming,13.0141,0.0073668,-0.573937,-0.459892,-0.440008,-0.530055,-0.340282,-0.470799,-0.427209,-0.258002,-0.167143,-0.0995393,-0.0279589
kick_power,12.2631,-0.535986,-0.56965,-0.367088,-0.282222,-0.365304,-0.223379,-0.388213,-0.459504,-0.198439,-0.123192,-0.0524754,-0.0212911
kick_power,12.703,-0.604261,-0.430425,-0.332029,-0.39172,-0.3558,-0.259597,-0.437245,-0.485424,-0.227438,-0.0780401,-0.075534,-0.02684
kick_power,11.6914,-0.311329,-0.539938,-0.341165,-0.291297,-0.375772,-0.246686,-0.341922,-0.44507,-0.255509,-0.0812827,-0.0540976,-0.0537388
kick_power,12.1526,-0.31434,-0.557246,-0.470893,-0.28635,-0.273984,-0.284258,-0.349117,-0.463742,-0.280233,-0.119881,-0.0448908,-0.012867
kick_power,12.0308,-0.672771,-0.470357,-0.290956,-0.267115,-0.299022,-0.330777,-0.393324,-0.417566,-0.2299,-0.109571,-0.0465796,-0.0391807
kick_power,12.2029,-0.238705,-0.447023,-0.350091,-0.30197,-0.416588,-0.337736,-0.393447,-0.495304,-0.282331,-0.109321,-0.0353451,-0.0433336
kick_power,12.8917,-0.448414,-0.534386,-0.431597,-0.401448,-0.337898,-0.317121,-0.447526,-0.44903,-0.246946,-0.0820603,-0.062677,-0.00716869
kick_power,12.6699,-0.249273,-0.466329,-0.317785,-0.302628,-0.479564,-0.324433,-0.380036,-0.443097,-0.272654,-0.164949,-0.0972026,-0.0466674
kick_power,11.0644,-0.567892,-0.432507,-0.386811,-0.316854,-0.247605,-0.27047,-0.409237,-0.386309,-0.206848,-0.0342415,-0.0425222,-0.0216253
kick_power,11.8132,-0.479678,-0.299317,-0.316074,-0.307877,-0.283717,-0.33011,-0.445951,-0.483504,-0.275886,-0.0595998,-0.052836,0.000859152
kick_power,12.3684,-0.429063,-0.581928,-0.34679,-0.327747,-0.332916,-0.321284,-0.345007,-0.406205,-0.250664,-0.0903607,-0.054349,-0.0326024
kick_power,12.7933,-0.419732,-0.498379,-0.344971,-0.272009,-0.277188,-0.310826,-0.435739,-0.479479,-0.33329,-0.147037,-0.0609144,-0.0204322
kick_power,12.6712,-0.514922,-0.501624,-0.320057,-0.275179,-0.347437,-0.270063,-0.403376,-0.438771,-0.297603,-0.180766,-0.056869,-0.0349834
kick_power,11.7414,-0.731957,-0.453707,-0.283999,-0.212463,-0.215316,-0.282759,-0.348356,-0.411786,-0.285287,-0.0858659,-0.0741309,-0.00553186
kick_power,12.3999,-0.558251,-0.367334,-0.389278,-0.289826,-0.346579,-0.320075,-0.386795,-0.442308,-0.214825,-0.0854211,-0.0409615,-0.0471959
kick_power,11.7857,-0.563795,-0.4619,-0.293399,-0.257276,-0.272937,-0.269445,-0.377232,-0.454677,-0.25194,-0.120725,-0.0203468,-0.0346606
kick_power,11.6852,-0.73498,-0.554279,-0.355648,-0.302514,-0.252469,-0.207528,-0.386933,-0.429815,-0.161118,-0.0226919,0.0188207,0.0158198
kick_power,13.016,-0.244406,-0.40873,-0.366309,-0.282024,-0.365309,-0.375952,-0.451657,-0.496318,-0.301122,-0.100184,-0.100491,-0.069958
kick_power,11.6917,-0.522975,-0.485376,-0.261362,-0.209203,-0.318818,-0.327977,-0.363281,-0.41555,-0.345926,-0.131345,-0.0271046,-0.000794304
kick_power,11.6423,-0.421236,-0.400959,-0.306039,-0.180307,-0.376995,-0.349274,-0.356537,-0.418825,-0.207741,-0.0860719,-0.0526233,-0.0583806
kick_power,11.1535,-0.530452,-0.415446,-0.355797,-0.192633,-0.253006,-0.262688,-0.394368,-0.452508,-0.272605,-0.0788727,-0.0447991,-0.0155893
kick_power,12.1253,-0.267417,-0.4742,-0.494199,-0.319796,-0.327507,-0.207455,-0.391338,-0.437582,-0.280991,-0.126291,-0.0422827,-0.0416753
kick_power,12.5907,-0.44289,-0.444596,-0.219396,-0.345872,-0.310327,-0.384522,-0.425,-0.496937,-0.34257,-0.122435,-0.101057,-0.0366627
kick_power,11.5593,-0.39806,-0.596772,-0.365511,-0.240748,-0.277715,-0.226009,-0.337274,-0.427642,-0.249973,-0.137173,-0.0275942,6.65253e-06
kick_power,12.5539,-0.450282,-0.395911,-0.433569,-0.347844,-0.373947,-0.287804,-0.406386,-0.447102,-0.24864,-0.102214,-0.0461045,-0.00195486
kick_power,12.394,-0.242666,-0.447235,-0.435642,-0.368338,-0.373838,-0.364478,-0.369613,-0.400082,-0.258865,-0.106783,-0.0590023,-0.0215464
kick_power,12.3481,-0.254892,-0.493343,-0.314995,-0.34643,-0.441907,-0.32769,-0.348058,-0.484511,-0.308588,-0.114302,-0.0356023,-0.0594526
kick_power,11.987,-0.280317,-0.507839,-0.353586,-0.321934,-0.280214,-0.350357,-0.430382,-0.401187,-0.227588,-0.110057,-0.0701814,-0.0360713
kick_power,10.8295,-0.650836,-0.476977,-0.196221,-0.195882,-0.200663,-0.261794,-0.366827,-0.414049,-0.243385,-0.00409192,-0.01529,0.0139113
kick_power,11.9114,-0.50218,-0.500659,-0.354728,-0.216376,-0.281926,-0.35482,-0.369948,-0.438447,-0.284216,-0.0902993,-0.0415413,-0.0529381
kick_power,12.0458,-0.468038,-0.499851,-0.357303,-0.25692,-0.338011,-0.345884,-0.398116,-0.475595,-0.258525,-0.0934768,-0.00474004,-0.0230846
kick_power,11.2356,-0.353906,-0.562751,-0.309441,-0.330329,-0.254994,-0.195184,-0.436162,-0.44393,-0.269792,-0.154727,-0.0415876,0.03701
kick_power,12.4184,-0.276758,-0.546639,-0.346933,-0.289923,-0.327936,-0.360714,-0.445343,-0.512267,-0.30196,-0.14158,-0.102315,-0.00789488
kick_power,11.4372,-0.271168,-0.52358,-0.348654,-0.261858,-0.38385,-0.326881,-0.373628,-0.393578,-0.256278,-0.0677154,-0.0280185,-0.0314866
kick_power,11.6703,-0.282425,-0.518686,-0.460241,-0.268424,-0.24055,-0.258833,-0.428412,-0.394366,-0.210136,-0.102077,-0.0507489,-0.022113
kick_power,11.8007,-0.348609,-0.566836,-0.341386,-0.234761,-0.310929,-0.347921,-0.354044,-0.471068,-0.249928,-0.0696448,-0.0419191,-0.00845849
kick_power,10.9685,-0.843791,-0.484163,-0.349842,-0.327707,-0.349861,-0.230498,-0.237378,-0.297217,-0.17941,-0.0590086,0.0119237,0.0129015
kick_power,11.6877,-0.432534,-0.450126,-0.331853,-0.379192,-0.375816,-0.185666,-0.330107,-0.354369,-0.230011,-0.0425702,-0.0563714,-0.0112374
kick_power,12.96,-0.265106,-0.360985,-0.348977,-0.388024,-0.368183,-0.327935,-0.424489,-0.494821,-0.285954,-0.183831,-0.0653535,-0.0161972
kick_power,12.4662,-0.180856,-0.462588,-0.347569,-0.324367,-0.427026,-0.319322,-0.447152,-0.409948,-0.289189,-0.139453,-0.109065,-0.0227333
kick_power,12.67,-0.204499,-0.593612,-0.286244,-0.353679,-0.275368,-0.333188,-0.48502,-0.507199,-0.312392,-0.113062,-0.0711828,0.0161683
kick_power,12.5177,-0.306144,-0.481348,-0.260093,-0.326222,-0.376036,-0.351815,-0.43612,-0.52757,-0.26488,-0.0786785,-0.0323613,0.000301574
rimshot_humming,12.1378,-1.28676,-0.767934,-0.261286,-0.402814,-0.404899,-0.541297,-0.228883,-0.19364,-0.132214,-0.12662,-0.160517,0.0658056
rimshot_humming,11.3097,-1.49403,-0.612033,-0.239522,-0.522942,-0.422549,-0.425412,-0.160092,-0.206263,-0.114296,-0.106994,-0.0795405,0.0254795
rimshot_humming,11.7087,-1.40044,-0.688316,-0.257473,-0.419699,-0.345952,-0.289387,-0.296997,-0.281427,-0.0874213,-0.150477,-0.113476,-0.00371487
rimshot_humming,10.95,-1.42475,-0.588411,-0.286082,-0.514585,-0.349177,-0.323029,-0.196084,-0.309338,-0.160421,-0.0850332,-0.12888,0.0585713
rimshot_humming,10.8594,-1.67955,-0.64934,-0.294218,-0.467428,-0.516662,-0.366752,-0.201753,-0.220988,-0.0540503,0.00772039,-0.047709,0.0529595
rimshot_humming,9.75323,-1.49804,-0.567484,-0.333512,-0.175095,-0.232171,-0.295235,-0.173312,-0.219783,-0.115412,-0.0412823,-0.0961989,-0.0240209
rimshot_humming,12.1349,-1.58427,-0.614794,-0.349378,-0.414145,-0.456667,-0.441462,-0.1753,-0.316777,-0.202205,-0.118725,-0.0690293,0.0596377
rimshot_humming,11.7794,-1.3378,-0.652049,-0.281004,-0.406494,-0.393103,-0.33377,-0.158115,-0.37172,-0.135538,-0.128315,-0.129354,0.00076614
rimshot_humming,12.1952,-1.39016,-0.787887,-0.396146,-0.424731,-0.527215,-0.50869,-0.202792,-0.210646,-0.0664314,-0.199279,-0.0297108,0.0971453
rimshot_humming,10.7354,-1.4242,-0.790124,-0.0370269,-0.23551,-0.445626,-0.466651,-0.213509,-0.173114,-0.0233034,-0.0926306,-0.121567,-0.0554257
rimshot_humming,11.8293,-1.48267,-0.721117,-0.1267,-0.490593,-0.508364,-0.377128,-0.246989,-0.18868,-0.0789378,-0.1988,-0.108545,0.0834149
rimshot_humming,11.327,-1.26082,-0.780002,-0.253062,-0.519434,-0.369842,-0.278721,-0.26821,-0.296603,-0.0671295,-0.126355,-0.0588727,0.0415877
rimshot_humming,10.8118,-1.77243,-0.695074,-0.543918,-0.444552,-0.341823,-0.205198,-0.0995719,-0.238336,-0.0535661,-0.0415237,0.0488404,0.0230015
rimshot_humming,11.2792,-1.70976,-0.631955,-0.23371,-0.385235,-0.360286,-0.330256,-0.165853,-0.330241,-0.121041,-0.089342,-0.0766127,-0.0179281
rimshot_humming,11.2855,-1.75943,-0.651062,-0.206829,-0.339443,-0.355806,-0.289829,-0.152417,-0.295093,-0.138191,-0.124985,0.0106818,-0.010034
rimshot_humming,11.6877,-1.83858,-0.663967,-0.365064,-0.437104,-0.438188,-0.303828,-0.1146,-0.274917,-0.0801239,-0.100475,0.0528137,-0.0143745
rimshot_humming,11.5644,-1.8526,-0.953892,-0.19171,-0.42308,-0.341836,-0.311171,-0.195539,-0.16774,-0.0977896,-0.0884882,-0.0529171,0.0468497
rimshot_humming,10.8846,-1.46779,-0.844097,-0.456648,-0.282065,-0.437672,-0.262009,-0.252294,-0.233565,-0.0909036,-0.0510437,-0.0144898,0.0745703
rimshot_humming,11.1861,-1.69928,-0.794931,-0.331033,-0.288481,-0.303018,-0.298532,-0.168879,-0.353756,-0.110612,-0.0811828,-0.0229179,0.00737767
rimshot_humming,11.0002,-1.75382,-0.827197,-0.398468,-0.397235,-0.357523,-0.268184,-0.154222,-0.238096,-0.0337379,-0.0812185,-0.0174038,-0.0149211
rimshot_humming,9.98603,-2.04111,-0.672876,-0.516513,-0.324127,-0.146178,-0.121208,-0.017697,-0.203934,-0.0589266,-0.0768782,-0.0122029,0.00921153
rimshot_humming,9.33063,-1.62387,-0.703778,-0.317083,-0.219011,-0.248639,-0.186438,-0.0821596,-0.235571,-0.111941,-0.114235,-0.0408379,-0.0193612
rimshot_humming,10.8817,-1.87808,-0.716146,-0.390834,-0.368321,-0.292538,-0.209686,-0.0778833,-0.307745,-0.0834257,-0.0892267,-0.041996,-0.0434202
rimshot_humming,10.2326,-1.77136,-0.649688,-0.381908,-0.384281,-0.252653,-0.190444,-0.0694614,-0.299055,-0.0814276,-0.0602278,-0.0356979,0.0245938
rimshot_humming,11.2143,-2.11997,-0.692549,-0.387649,-0.424515,-0.36924,-0.231527,-0.0645581,-0.256516,-0.0484066,-0.0215041,0.000217011,0.0394475
rimshot_power,12.2127,-0.863565,-0.676308,-0.400105,-0.240871,-0.262351,-0.289313,-0.465875,-0.37382,-0.113416,-0.0957804,-0.132024,-0.00795811
rimshot_power,11.8297,-0.870365,-0.681346,-0.377974,-0.130213,-0.151797,-0.272667,-0.291855,-0.617079,-0.0597894,-0.0344289,-0.192801,-0.0214612
rimshot_power,13.8335,-0.859365,-0.81335,-0.456408,-0.143701,-0.462042,-0.424597,-0.413388,-0.515053,-0.0288032,-0.0316405,-0.228422,0.0483361
rimshot_power,12.8816,-0.956316,-0.766569,-0.283407,-0.192536,-0.374618,-0.35761,-0.471267,-0.349569,-0.0888536,-0.171104,-0.139958,-0.0403874
rimshot_power,12.5628,-0.868328,-0.666262,-0.431044,-0.200963,-0.0995706,-0.383673,-0.557627,-0.395469,-0.0990871,-0.146027,-0.102242,-0.105373
rimshot_power,12.6967,-0.656581,-1.03592,-0.326923,-0.00451804,-0.450857,-0.339126,-0.398787,-0.499825,-0.0981098,-0.0797557,-0.195695,0.0811332
rimshot_power,13.7111,-0.739864,-0.898638,-0.295157,-0.0928089,-0.52512,-0.50361,-0.342972,-0.5153,-0.0977299,-0.0658524,-0.228163,0.0352722
rimshot_power,12.5278,-0.672284,-0.804996,-0.318101,-0.0407188,-0.502623,-0.398304,-0.398766,-0.408847,-0.0769977,-0.0883219,-0.19535,0.0656827
rimshot_power,12.4414,-0.433818,-0.898883,-0.285647,0.10338,-0.446655,-0.490876,-0.304006,-0.660662,-0.127102,-0.00748327,-0.196667,0.0331863
rimshot_power,12.9006,-0.590892,-0.883059,-0.296627,0.0291247,-0.199572,-0.384535,-0.531307,-0.509109,-0.166475,-0.112581,-0.140201,-0.0460252
rimshot_power,13.4342,-0.691022,-0.800862,-0.497032,-0.201321,-0.240007,-0.4518,-0.553523,-0.440929,-0.10127,-0.0970472,-0.172469,0.0121351
rimshot_power,12.6903,-0.666031,-1.02838,-0.507596,-0.23439,-0.207909,-0.270717,-0.573138,-0.386049,-0.0729735,-0.158653,-0.0151545,-0.0653161
rimshot_power,11.7135,-0.539742,-0.600779,-0.444204,-0.0589141,-0.426288,-0.331322,-0.401227,-0.563608,0.0354167,-0.11774,-0.18454,-0.0333797
rimshot_power,12.2953,-0.536787,-0.703345,-0.478026,-0.0390784,-0.455178,-0.456239,-0.319074,-0.584523,-0.0695497,-0.062872,-0.222433,-0.0292388
rimshot_power,11.8521,-0.733851,-0.77711,-0.309242,-0.203885,-0.3967,-0.328066,-0.401669,-0.44215,-0.0520086,-0.12189,-0.19222,-0.0224825
rimshot_power,12.7626,-0.621227,-0.832144,-0.404415,-0.0169784,-0.378919,-0.371441,-0.339525,-0.55933,-0.0929538,-0.160797,-0.180387,-0.00428866
rimshot_power,11.4407,-0.690975,-0.792818,-0.232048,0.01326,-0.31268,-0.496625,-0.31925,-0.490056,-0.11738,-0.0803949,-0.189078,-0.023452
rimshot_power,12.4857,-0.830192,-0.736408,-0.155638,-0.0802855,-0.245075,-0.408416,-0.41708,-0.471211,-0.203713,-0.0837109,-0.159048,-0.0320109
rimshot_power,11.5954,-0.560648,-0.734981,-0.349573,0.0792793,-0.254987,-0.438128,-0.309901,-0.464212,-0.0975706,-0.0876058,-0.1533,0.00807183
rimshot_power,12.3645,-0.619374,-0.836722,-0.305243,0.0241638,-0.519922,-0.421564,-0.342434,-0.440273,-0.117783,-0.0916885,-0.222503,0.0262473
rimshot_power,11.7598,-0.765704,-0.866134,-0.319335,0.0154352,-0.477595,-0.443971,-0.29611,-0.491733,-0.0517341,-0.0389533,-0.18596,0.0376222
rimshot_power,12.8663,-0.833626,-0.73714,-0.238134,0.0496935,-0.520174,-0.393018,-0.371977,-0.47574,-0.0795633,-0.171494,-0.186174,-0.0197242
rimshot_power,13.0094,-0.802,-0.935169,-0.310744,-0.103872,-0.371102,-0.415452,-0.601664,-0.376282,0.0290525,-0.181998,-0.174061,-0.0527765
rimshot_power,12.5011,-0.646559,-0.989298,-0.436494,0.0693957,-0.310573,-0.446892,-0.422488,-0.426731,-0.0415394,-0.0726445,-0.253696,0.00854882
rimshot_power,12.8974,-0.550912,-1.01203,-0.357441,-0.10233,-0.489585,-0.391509,-0.437603,-0.506276,-0.00558309,-0.0157865,-0.208709,0.0309526
rimshot_power,12.1929,-0.790722,-0.838369,-0.215878,0.120424,-0.494262,-0.440627,-0.239679,-0.648237,-0.0723013,-0.0784336,-0.226358,-0.0199968
rimshot_power,13.2468,-0.622014,-0.990401,-0.498551,0.0250942,-0.46078,-0.517641,-0.312701,-0.518858,-0.147171,-0.114534,-0.214749,-0.00824441
rimshot_power,12.96,-0.704628,-0.908902,-0.430183,-0.0216022,-0.395474,-0.501208,-0.517238,-0.400807,-0.0334446,-0.128468,-0.221912,0.00693515
rimshot_power,12.0419,-0.663898,-0.785691,-0.30541,-0.124474,-0.421431,-0.30731,-0.340337,-0.458183,-0.0578044,-0.0366044,-0.203141,-0.0459989
rimshot_power,12.5838,-0.617279,-0.854783,-0.391625,-0.115544,-0.40889,-0.34547,-0.433093,-0.540805,-0.0511398,-0.063001,-0.229459,0.0366598
rimshot_power,12.4017,-0.680555,-0.982203,-0.302393,-0.00299645,-0.352535,-0.342836,-0.464551,-0.465667,-0.0383784,-0.0962654,-0.245318,0.0141699
rimshot_power,12.2679,-0.724409,-0.912081,-0.245782,-0.0463029,-0.4699,-0.316202,-0.374011,-0.433419,-0.0735135,-0.117094,-0.136716,0.0275656
rimshot_power,12.7874,-0.711438,-0.814867,-0.373713,-0.14191,-0.403358,-0.321975,-0.47762,-0.486906,-0.0393025,-0.125429,-0.109458,-0.016095
rimshot_power,12.1366,-0.784399,-0.782268,-0.21665,-0.158189,-0.353633,-0.409877,-0.514241,-0.387429,-0.0904427,-0.158384,-0.132739,-0.0461576
rimshot_power,13.1004,-0.820063,-0.785671,-0.39409,0.022465,-0.499788,-0.339182,-0.464034,-0.481691,-0.0629853,-0.118165,-0.1566,-0.010901
rimshot_power,12.5943,-0.584169,-0.925236,-0.394836,-0.0602245,-0.494289,-0.426187,-0.347922,-0.469641,-0.0138568,-0.0292747,-0.264036,-0.00958893
rimshot_power,12.8324,-0.665809,-0.886988,-0.456543,0.0476865,-0.371753,-0.44881,-0.406988,-0.483372,-0.0115708,-0.159837,-0.2541,0.0532474
rimshot_power,12.9139,-0.811016,-0.898228,-0.321158,-0.194955,-0.37897,-0.445261,-0.458414,-0.370303,-0.0840153,-0.106099,-0.156184,0.0610895
snare_humming,12.5427,-0.870198,-0.574972,-0.462664,-0.404954,-0.450058,-0.294544,-0.313621,-0.296216,-0.108747,-0.0730021,-0.0605318,-0.0481126
snare_humming,11.4199,-0.745095,-0.557494,-0.451394,-0.449297,-0.472397,-0.282698,-0.265397,-0.261456,-0.113151,-0.0579247,-0.045269,-0.0274534
snare_humming,13.3991,-0.754017,-0.693356,-0.476067,-0.484509,-0.464212,-0.331973,-0.340271,-0.364346,-0.185801,-0.0818675,-0.0654856,-0.0167536
snare_humming,11.9273,-0.872597,-0.597084,-0.345642,-0.400901,-0.424751,-0.284931,-0.234725,-0.315877,-0.142843,-0.0372606,-0.014471,0.0147455
snare_humming,11.1247,-1.03734,-0.632156,-0.332182,-0.330752,-0.385052,-0.249796,-0.250119,-0.270067,-0.118599,-0.0644096,-0.00440471,0.00532236
snare_humming,10.7588,-1.15386,-0.250139,-0.335716,-0.288481,-0.362849,-0.254782,-0.241781,-0.265574,-0.132066,-0.0951598,-0.0608667,-0.0172597
snare_humming,12.1324,-0.973956,-0.626313,-0.438662,-0.298264,-0.396664,-0.240361,-0.251012,-0.325445,-0.17459,-0.108086,-0.0296917,-0.0203171
snare_humming,11.9499,-1.07315,-0.53575,-0.423377,-0.348748,-0.398783,-0.243472,-0.282166,-0.282743,-0.128273,-0.0770981,-0.0408011,-0.0355518
snare_humming,11.6129,-0.937405,-0.440545,-0.407385,-0.289097,-0.348776,-0.267293,-0.279016,-0.312937,-0.176891,-0.107811,-0.0224262,-0.0161006
snare_humming,12.4115,-0.774766,-0.656721,-0.432558,-0.355845,-0.452147,-0.315607,-0.317399,-0.337808,-0.155894,-0.0989109,-0.0249373,-0.0108635
snare_humming,11.1537,-0.976164,-0.652749,-0.451114,-0.269473,-0.385899,-0.245807,-0.272091,-0.290607,-0.161357,-0.0782044,-0.0322884,0.00220754
snare_humming,11.0889,-0.891038,-0.289603,-0.269534,-0.221095,-0.342582,-0.289483,-0.210826,-0.30857,-0.171529,-0.117351,-0.0773957,-0.0484264
snare_humming,13.6415,-0.619135,-0.713369,-0.489816,-0.49983,-0.509867,-0.322557,-0.334614,-0.337703,-0.155331,-0.0884682,-0.0453445,-0.042712
snare_humming,11.6277,-0.978955,-0.513511,-0.388741,-0.310241,-0.33804,-0.238119,-0.235457,-0.303084,-0.14321,-0.098694,-0.0527705,-0.0176767
snare_humming,12.2873,-0.958002,-0.369352,-0.394707,-0.432682,-0.357268,-0.262671,-0.281705,-0.321163,-0.114506,-0.0494199,-0.0559043,-0.0240873
snare_humming,11.6017,-0.946408,-0.553312,-0.383113,-0.299572,-0.381548,-0.27007,-0.241987,-0.276882,-0.117184,-0.0691241,-0.0244072,-0.0177931
snare_humming,11.963,-1.00038,-0.47624,-0.321366,-0.300206,-0.33615,-0.241605,-0.327833,-0.271517,-0.161357,-0.0690803,-0.0638062,-0.0126695
snare_humming,12.7479,-0.739781,-0.523161,-0.487561,-0.369756,-0.431752,-0.329255,-0.325833,-0.387838,-0.175062,-0.0962619,-0.0264704,-0.0273084
snare_humming,12.6711,-0.889876,-0.511586,-0.472884,-0.424874,-0.406838,-0.330006,-0.295889,-0.376221,-0.194703,-0.171115,-0.0604556,-0.0555782
snare_humming,12.3671,-0.783533,-0.649218,-0.460078,-0.435161,-0.42181,-0.260724,-0.305367,-0.305289,-0.161049,-0.0900084,-0.0348275,-0.0245365
snare_humming,12.463,-0.678424,-0.698083,-0.475766,-0.376067,-0.407483,-0.299195,-0.318312,-0.284215,-0.143527,-0.0832853,-0.0153789,-0.00961333
snare_humming,12.0908,-0.776426,-0.573397,-0.436505,-0.420813,-0.453508,-0.298024,-0.316006,-0.314118,-0.159982,-0.0885336,-0.0287552,0.00396643
snare_humming,11.0472,-1.1978,-0.308004,-0.234576,-0.178992,-0.311282,-0.247072,-0.346531,-0.335207,-0.182872,-0.101157,-0.0482471,-0.0394764
snare_humming,11.3428,-1.08027,-0.327689,-0.387287,-0.22962,-0.347249,-0.273429,-0.26736,-0.365603,-0.182399,-0.134341,-0.0425258,-0.0497382
snare_humming,11.8945,-0.887558,-0.581314,-0.40879,-0.343864,-0.425345,-0.281287,-0.316538,-0.344791,-0.211214,-0.0985772,-0.0712183,-0.0325513
snare_humming,11.6932,-0.94491,-0.518564,-0.370625,-0.327268,-0.443338,-0.291052,-0.287653,-0.331257,-0.198073,-0.12618,-0.0547075,-0.0264266
snare_humming,11.7369,-0.991307,-0.469911,-0.36539,-0.304335,-0.456389,-0.294984,-0.312121,-0.30317,-0.168542,-0.104595,-0.051762,-0.0417462
snare_humming,11.965,-0.892707,-0.483293,-0.286021,-0.357082,-0.502854,-0.27696,-0.285375,-0.277318,-0.154854,-0.0837796,-0.0645248,-0.0230914
snare_humming,10.4761,-1.02214,-0.244268,-0.202152,-0.221788,-0.339624,-0.287458,-0.230507,-0.314442,-0.158197,-0.114062,-0.0742978,-0.0121732
snare_humming,11.4123,-0.80648,-0.334694,-0.410863,-0.290788,-0.381438,-0.353364,-0.257754,-0.333145,-0.195281,-0.126724,-0.0722513,-0.0200387
snare_power,12.1378,-1.32466,-0.65111,-0.248585,-0.24415,-0.248337,-0.322316,-0.355706,-0.373543,-0.169812,-0.0673411,-0.0415874,-0.0456784
snare_power,12.7138,-1.54627,-0.673714,-0.246973,-0.229134,-0.217398,-0.330244,-0.335675,-0.398032,-0.195792,-0.0772024,-0.0814448,-0.0373326
snare_power,13.1245,-1.47037,-0.741413,-0.280704,-0.327159,-0.333117,-0.388923,-0.391025,-0.321622,-0.147252,-0.0390431,-0.0466198,-0.0299188
snare_power,13.9702,-1.37998,-0.745389,-0.299108,-0.409011,-0.372262,-0.335949,-0.385728,-0.363572,-0.180797,-0.102584,-0.0664265,-0.0302181
snare_power,13.7703,-1.30431,-0.651308,-0.28004,-0.393539,-0.412612,-0.348348,-0.415433,-0.418687,-0.174478,-0.09806,-0.0719204,-0.0502253
snare_power,12.6489,-1.31413,-0.623872,-0.240237,-0.295232,-0.357059,-0.32355,-0.408257,-0.408576,-0.18956,-0.0988223,-0.0512144,-0.0397643
snare_power,13.1284,-1.58693,-0.771547,-0.178032,-0.266357,-0.362331,-0.267125,-0.367588,-0.398755,-0.182472,-0.0968496,-0.0571464,-0.023373
snare_power,12.5839,-1.43751,-0.728969,-0.277236,-0.297397,-0.36167,-0.266322,-0.338268,-0.392736,-0.138293,-0.090805,-0.0528838,-0.0189483
snare_power,12.9668,-1.43605,-0.679518,-0.213592,-0.325221,-0.357087,-0.309278,-0.383898,-0.369333,-0.150138,-0.0768829,-0.0710952,-0.0571652
snare_power,12.3851,-1.35966,-0.510235,-0.25568,-0.234628,-0.314815,-0.300456,-0.296653,-0.345848,-0.18042,-0.125829,-0.0833777,-0.0702524
snare_power,12.1189,-1.5718,-0.614827,-0.175094,-0.234798,-0.340628,-0.25273,-0.318035,-0.324264,-0.141798,-0.104253,-0.0515331,-0.045641
snare_power,12.7659,-1.27052,-0.587288,-0.285431,-0.367023,-0.337541,-0.298187,-0.372056,-0.359232,-0.197991,-0.098386,-0.0638512,-0.0385102
snare_power,12.8516,-1.35276,-0.719818,-0.298602,-0.353347,-0.353675,-0.252162,-0.378291,-0.396082,-0.168642,-0.109807,-0.0299562,0.0123046
snare_power,13.5868,-1.38805,-0.760084,-0.32729,-0.389761,-0.386532,-0.321197,-0.377948,-0.400797,-0.174715,-0.0822065,-0.0562505,-0.0345348
snare_power,12.8265,-1.4567,-0.698124,-0.231536,-0.306034,-0.368559,-0.269088,-0.357557,-0.345448,-0.174059,-0.106665,-0.0759836,-0.0446699
snare_power,13.2164,-1.45889,-0.737591,-0.346085,-0.343127,-0.291139,-0.334387,-0.377653,-0.316292,-0.165113,-0.0964658,-0.0418954,-0.0349757
snare_power,12.9294,-1.54579,-0.744952,-0.229022,-0.310427,-0.33495,-0.280123,-0.355999,-0.359199,-0.117193,-0.0732868,-0.0428347,-0.0453237
snare_power,12.3708,-1.34567,-0.676073,-0.294647,-0.197024,-0.322767,-0.276493,-0.314168,-0.332781,-0.199059,-0.0957894,-0.0719426,-0.033189
snare_power,12.7275,-1.43012,-0.67828,-0.326766,-0.254019,-0.316737,-0.308153,-0.321672,-0.344893,-0.176549,-0.093716,-0.0814133,-0.0442134
snare_power,12.7887,-1.3978,-0.671525,-0.270041,-0.307051,-0.371124,-0.316673,-0.347592,-0.318827,-0.133315,-0.104213,-0.0540129,-0.0588096
snare_power,12.6884,-1.40851,-0.676471,-0.319583,-0.280547,-0.353445,-0.32181,-0.361263,-0.328881,-0.201589,-0.0790421,-0.031164,-0.0267387
snare_power,12.6273,-1.36784,-0.699054,-0.26479,-0.233154,-0.376999,-0.279105,-0.337655,-0.37456,-0.161783,-0.0994925,-0.0499509,-0.0457515
snare_power inverse,12.6053,-1.60307,-0.758305,-0.0246058,-0.373888,-0.48622,-0.307504,-0.362897,-0.414186,-0.151164,-0.040354,-0.0407091,-0.0855122
snare_power inverse,10.4044,-1.36044,-0.700717,-0.0721048,-0.278131,-0.350401,-0.241858,-0.295689,-0.337857,-0.0861586,-0.0763156,-0.0117524,-0.0523123
snare_power inverse,11.0972,-1.50726,-0.882467,-0.196792,-0.337337,-0.323096,-0.169562,-0.365533,-0.351729,0.0112515,-0.106993,-0.0365437,-0.0161173
snare_power inverse,11.6891,-1.54012,-0.952329,-0.22007,-0.347455,-0.346302,-0.208019,-0.354444,-0.395052,-0.0333836,-0.0611416,-0.00272414,-0.0385586
snare_power inverse,11.4992,-1.39624,-0.858317,-0.141732,-0.382247,-0.497347,-0.197105,-0.446762,-0.375387,-0.0558629,-0.0915071,-0.00433761,-0.11013
snare_power inverse,11.5863,-1.41517,-0.919641,-0.103762,-0.404358,-0.408465,-0.314196,-0.415321,-0.372133,-0.0868598,-0.060674,0.0137768,-0.0632398
snare_power inverse,12.0006,-1.4308,-1.03409,-0.154,-0.383587,-0.393573,-0.271034,-0.401561,-0.399803,-0.106854,-0.0656942,0.0377105,-0.0599212
snare_power inverse,12.1321,-1.24285,-0.89625,-0.0713504,-0.451721,-0.459124,-0.305385,-0.457146,-0.383016,-0.10907,-0.0916169,-0.00976883,-0.093301
snare_power inverse,12.9333,-1.30329,-0.909136,0.00270506,-0.486297,-0.522633,-0.309002,-0.463141,-0.443852,-0.141922,-0.0868725,-0.0218911,-0.0909041
snare_power inverse,11.7615,-1.55078,-0.852484,-0.0406711,-0.425569,-0.400228,-0.249126,-0.331297,-0.3628,-0.0983711,-0.0993983,0.00193229,-0.0912424
snare_power inverse,12.7461,-1.4374,-1.01161,-0.0690803,-0.457001,-0.495257,-0.27056,-0.40639,-0.390411,-0.108786,-0.0886632,-0.00219268,-0.111625
snare_power inverse,12.7308,-1.47487,-1.00716,-0.0525989,-0.423238,-0.505372,-0.229478,-0.386745,-0.43884,-0.122281,-0.110402,-0.00596582,-0.0961734
snare_power inverse,12.9532,-1.4362,-0.896019,0.00270856,-0.393313,-0.521686,-0.279853,-0.42155,-0.411208,-0.117101,-0.121329,-0.00625637,-0.0934876
snare_power inverse,12.2488,-1.46129,-0.97927,0.00249759,-0.351827,-0.403847,-0.267428,-0.42455,-0.390617,-0.0765076,-0.0854424,0.0225778,-0.0724693
snare_power inverse,12.9972,-1.43558,-1.04735,-0.0602139,-0.351356,-0.439713,-0.258986,-0.515752,-0.438471,-0.0936719,-0.119653,0.0217544,-0.105717
snare_power inverse,13.7022,-1.64942,-1.04937,-0.0591579,-0.431934,-0.523061,-0.234907,-0.448545,-0.431074,-0.0905685,-0.0669259,0.0297407,-0.109378
snare_power inverse,13.1149,-1.43593,-0.951766,-0.135526,-0.505251,-0.493362,-0.311564,-0.47352,-0.410838,-0.12004,-0.100822,0.00598438,-0.0994468
snare_power inverse,12.6013,-1.39296,-0.999049,-0.147994,-0.462931,-0.447127,-0.267738,-0.466681,-0.403639,-0.0707184,-0.0667844,0.00611401,-0.0925725
snare_power inverse,11.3824,-1.48114,-0.930938,-0.115348,-0.3641,-0.36359,-0.236378,-0.391063,-0.364255,-0.089397,-0.0611053,-0.0258803,-0.102449
snare_power inverse,13.5318,-1.53906,-1.03551,-0.00517123,-0.410471,-0.524998,-0.30561,-0.40847,-0.449291,-0.136087,-0.109553,-0.031498,-0.145608
